{
    "id": "me.name.funny",
    "name": "WYSFunny",
    "version": "0.1.0",
    "authors": [ "Name" ],
    "description": "A mod that shutsdown your pc when you die",
    "dependencies": [
        {
            "id": "com.github.cgytrus.gmml.hooker",
            "version": "0.1.0"
        },
        {
            "id": "com.github.cgytrus.gmml.config",
            "version": "0.1.0"
        },
        {
            "id": "com.github.cgytrus.wys.api",
            "version": "0.1.0"
        },
        {
            "id": "com.github.cgytrus.wys.modmenu",
            "version": "0.1.0"
        }
    ]
}
